{"name":"87595faa-8da1-4a50-b229-3e776e00d5da","id":"/providers/Microsoft.Flow/flows/87595faa-8da1-4a50-b229-3e776e00d5da","type":"Microsoft.Flow/flows","properties":{"apiId":"/providers/Microsoft.PowerApps/apis/shared_logicflows","displayName":"Document Tracker Flow","definition":{"metadata":{"workflowEntityId":null,"processAdvisorMetadata":null,"flowChargedByPaygo":null,"flowclientsuspensionreason":"None","flowclientsuspensiontime":null,"flowclientsuspensionreasondetails":null,"creator":{"id":"f3000b2b-f5bf-493f-b1f9-6673848839ff","type":"User","tenantId":"f6b6dd5b-f02f-441a-99a0-162ac5060bd2"},"provisioningMethod":"FromDefinition","failureAlertSubscription":true,"clientLastModifiedTime":"2025-03-05T05:13:44.0400384Z","connectionKeySavedTimeKey":"2025-03-05T05:13:44.0400384Z","creationSource":null},"$schema":"https://schema.management.azure.com/providers/Microsoft.Logic/schemas/2016-06-01/workflowdefinition.json#","contentVersion":"1.0.0.0","parameters":{"$connections":{"defaultValue":{},"type":"Object"},"$authentication":{"defaultValue":{},"type":"SecureObject"},"sharepoint.site":{"defaultValue":"","type":"String"},"sharepoint.list":{"defaultValue":"","type":"String"}},"triggers":{"manual":{"splitOn":"@triggerBody()['rows']","metadata":{"operationMetadataId":"0e518d4b-fa52-466b-bdd5-4de6afe42161"},"type":"Request","kind":"ApiConnection","inputs":{"schema":{"type":"object","properties":{"rows":{"type":"array","items":{"type":"object","properties":{"text":{"title":"Request","type":"string","x-ms-dynamically-added":true,"description":"Please enter your message sent to the approvers","x-ms-content-hint":"TEXT"},"email":{"title":"Approvers","type":"string","format":"email","x-ms-dynamically-added":true,"description":"Please enter one or more email addresses","x-ms-content-hint":"EMAIL"},"boolean":{"title":"Approval Reminders ","type":"boolean","x-ms-dynamically-added":true,"description":"Please select yes or no","x-ms-content-hint":"BOOLEAN"},"text_1":{"title":"Input 1","type":"string","x-ms-dynamically-added":true,"description":"Please enter your input","x-ms-content-hint":"TEXT","enum":["Week","Day","Hour","Minute"]},"number":{"title":"Reminder Duration","type":"number","x-ms-dynamically-added":true,"description":"Please enter reminder duration in number","x-ms-content-hint":"NUMBER"},"entity":{"type":"object","properties":{"ID":{"title":"ID","type":"integer","format":"int64"}},"required":["ID"]}},"required":["text","email","boolean","text_1","number","entity"]}}},"required":["rows"]},"host":{"connection":{"name":"@parameters('$connections')['shared_sharepointonline']['connectionId']"},"api":{"runtimeUrl":"https://flow-apim-msmanaged-na-westus-01.azure-apim.net/apim/sharepointonline"}},"operationId":"GetItemHybridTriggerSchema","parameters":{"dataset":"https://uwnetid.sharepoint.com/sites/og_urology-Credentialing","table":"1a0a7ada-b69e-4c9e-8785-683ff7d14251"},"headersSchema":{"x-ms-user-name-encoded":{"title":"User name","type":"string","format":"byte","x-ms-dynamically-added":false},"x-ms-user-email-encoded":{"title":"User email","type":"string","format":"byte","x-ms-dynamically-added":false}}}}},"actions":{"Get_item":{"runAfter":{},"metadata":{"flowSystemMetadata":{"swaggerOperationId":"GetItem"},"operationMetadataId":"e05b6056-bd3d-41fe-97b3-ba73f7178850"},"type":"OpenApiConnection","inputs":{"host":{"apiId":"/providers/Microsoft.PowerApps/apis/shared_sharepointonline","connectionName":"shared_sharepointonline","operationId":"GetItem"},"parameters":{"dataset":"https://uwnetid.sharepoint.com/sites/og_urology-Credentialing","table":"1a0a7ada-b69e-4c9e-8785-683ff7d14251","id":"@triggerBody()?['entity']?['ID']"},"authentication":{"value":"@json(decodeBase64(triggerOutputs().headers['X-MS-APIM-Tokens']))['$ConnectionKey']","type":"Raw"}}},"Initialize_approval_done_variable":{"runAfter":{"Get_item":["Succeeded"]},"metadata":{"operationMetadataId":"0e2f3efc-4dc9-486e-a2ac-871422706476"},"type":"InitializeVariable","inputs":{"variables":[{"name":"approvalDone","type":"boolean","value":"@false"}]}},"Initialize_approvers_list_variable":{"runAfter":{"Initialize_approval_done_variable":["Succeeded"]},"metadata":{"operationMetadataId":"c32cca22-1b7e-4570-b230-af7d73ebcde9"},"type":"InitializeVariable","inputs":{"variables":[{"name":"approversList","type":"string"}]}},"Initialize_approval_respond_link_variable":{"runAfter":{"Initialize_approvers_list_variable":["Succeeded"]},"metadata":{"operationMetadataId":"d64309b2-f065-429d-a0c7-9b6484adf74c"},"type":"InitializeVariable","inputs":{"variables":[{"name":"approvalRespondLink","type":"string"}]}},"Create_an_approval":{"runAfter":{"Initialize_approval_respond_link_variable":["Succeeded"]},"metadata":{"flowSystemMetadata":{"swaggerOperationId":"CreateAnApproval"},"operationMetadataId":"f0f6b2a3-91b1-4231-9cb5-505f2f2eec42"},"type":"OpenApiConnection","inputs":{"host":{"apiId":"/providers/Microsoft.PowerApps/apis/shared_approvals","connectionName":"shared_approvals","operationId":"CreateAnApproval"},"parameters":{"approvalType":"BasicAwaitAll","ApprovalCreationInput/title":"Please approve: '@{outputs('Get_item')?['body/Title']}'","ApprovalCreationInput/assignedTo":"@{triggerBody()?['email']};","ApprovalCreationInput/details":"The item '@{outputs('Get_item')?['body/Title']}' is submitted for approval by @{triggerOutputs()['headers']['x-ms-user-name-encoded']}.\n\nThe message with the request:\n@{if(empty(triggerBody()['text']),'No message included with the request',triggerBody()['text'])}\n\nPlease review, and then approve or reject the request.","ApprovalCreationInput/itemLink":"@outputs('Get_item')?['body/{Link}']","ApprovalCreationInput/itemLinkDescription":"@outputs('Get_item')?['body/Title']","ApprovalCreationInput/enableNotifications":true,"ApprovalCreationInput/enableReassignment":true},"authentication":{"value":"@json(decodeBase64(triggerOutputs().headers['X-MS-APIM-Tokens']))['$ConnectionKey']","type":"Raw"}}},"Set_respond_to_approval_link":{"runAfter":{"Create_an_approval":["Succeeded"]},"metadata":{"operationMetadataId":"97157fba-c050-4d78-965c-32f6dae6704b"},"type":"SetVariable","inputs":{"name":"approvalRespondLink","value":"@outputs('Create_an_approval')?['body/respondLink']"}},"Wait_for_an_approval":{"runAfter":{"Set_respond_to_approval_link":["Succeeded"]},"metadata":{"flowSystemMetadata":{"swaggerOperationId":"WaitForAnApproval"},"operationMetadataId":"9d37a63d-f2f3-42e1-a5f9-4171c6d490f4"},"type":"OpenApiConnectionWebhook","inputs":{"host":{"apiId":"/providers/Microsoft.PowerApps/apis/shared_approvals","connectionName":"shared_approvals","operationId":"WaitForAnApproval"},"parameters":{"approvalName":"@outputs('Create_an_approval')?['body/name']"},"authentication":{"value":"@json(decodeBase64(triggerOutputs().headers['X-MS-APIM-Tokens']))['$ConnectionKey']","type":"Raw"}}},"Set_variable":{"runAfter":{"Wait_for_an_approval":["Succeeded"]},"metadata":{"operationMetadataId":"216b75aa-1071-46f2-b2f2-84264c385ebb"},"type":"SetVariable","inputs":{"name":"approvalDone","value":"@true"}},"Select":{"runAfter":{"Set_variable":["Succeeded"]},"metadata":{"operationMetadataId":"2f69e10d-7b4a-44f4-bb5c-0f0b06b811a5"},"type":"Select","inputs":{"from":"@outputs('Wait_for_an_approval')?['body/responses']","select":{"Approver":"@item()?['responder']?['displayName']","Comments":"@if(empty(item()?['comments']),'No comments',item()['comments'])","Response":"@item()?['approverResponse']"}}},"Create_HTML_table":{"runAfter":{"Select":["Succeeded"]},"metadata":{"operationMetadataId":"f27e5a7d-6ab3-4e92-a89f-e25b69095466"},"type":"Table","inputs":{"from":"@body('Select')","format":"HTML"}},"HTMl_Table_with_Styles":{"runAfter":{"Create_HTML_table":["Succeeded"]},"metadata":{"operationMetadataId":"243f568c-8257-47ed-9771-548ac7ab11c4"},"type":"Compose","inputs":"<style>\ntable {\n  width: 100%;\n  background-color: #FFFFFF;\n  border-collapse: collapse;\n  border-width: 2px;\n  border-color: #7EA8F8;\n  border-style: solid;\n  color: #000000;\n  text-align: left;\n}\n\ntable td, table th {\n  border-width: 2px;\n  border-color: #7EA8F8;\n  border-style: solid;\n  padding: 5px;\n}\n\ntable thead {\n  background-color: #DEDEDE;\n}\n</style>\n@{body('Create_HTML_table')}"},"Condition":{"actions":{"Item_rejected":{"runAfter":{},"metadata":{"flowSystemMetadata":{"swaggerOperationId":"SendEmailV2"},"operationMetadataId":"e4829c29-b3a3-41f8-a5cf-69c764552033"},"type":"OpenApiConnection","inputs":{"host":{"apiId":"/providers/Microsoft.PowerApps/apis/shared_office365","connectionName":"shared_office365","operationId":"SendEmailV2"},"parameters":{"emailMessage/To":"@triggerOutputs()['headers']['x-ms-user-email-encoded']","emailMessage/Subject":"Item: Rejected","emailMessage/Body":"<p>Your request for '@{outputs('Get_item')?['body/Title']}' has been rejected.<br>\n<br>\nApproval details below:<br>\n<br>\n@{outputs('HTMl_Table_with_Styles')}</p>","emailMessage/Importance":"Normal"},"authentication":{"value":"@json(decodeBase64(triggerOutputs().headers['X-MS-APIM-Tokens']))['$ConnectionKey']","type":"Raw"}}},"Update_item_2":{"runAfter":{"Item_rejected":["Succeeded"]},"metadata":{"operationMetadataId":"bf9bb372-474e-400b-a95a-5c5a9c18a542"},"type":"OpenApiConnection","inputs":{"host":{"apiId":"/providers/Microsoft.PowerApps/apis/shared_sharepointonline","connectionName":"shared_sharepointonline","operationId":"PatchItem"},"parameters":{"dataset":"https://uwnetid.sharepoint.com/sites/og_urology-Credentialing","table":"1a0a7ada-b69e-4c9e-8785-683ff7d14251","id":"@outputs('Get_item')?['body/ID']","item/Title":"@outputs('Get_item')?['body/Title']","item/ApprovalComments":"<p>@{replace(body('Create_HTML_table'), '<table>', '<table border=\"1\">')}</p>","item/Status/Value":"Rejected"},"authentication":{"value":"@json(decodeBase64(triggerOutputs().headers['X-MS-APIM-Tokens']))['$ConnectionKey']","type":"Raw"}}}},"runAfter":{"HTMl_Table_with_Styles":["Succeeded"]},"else":{"actions":{"Item_approved":{"runAfter":{},"metadata":{"flowSystemMetadata":{"swaggerOperationId":"SendEmailV2"},"operationMetadataId":"cc7934fc-1f4a-4766-8314-802a9dae6822"},"type":"OpenApiConnection","inputs":{"host":{"apiId":"/providers/Microsoft.PowerApps/apis/shared_office365","connectionName":"shared_office365","operationId":"SendEmailV2"},"parameters":{"emailMessage/To":"@triggerOutputs()['headers']['x-ms-user-email-encoded']","emailMessage/Subject":"Item: Approved","emailMessage/Body":"<p>Your request for '@{outputs('Get_item')?['body/Title']}' has been approved.<br>\n<br>\nApproval details below:<br>\n<br>\n@{outputs('HTMl_Table_with_Styles')}</p>","emailMessage/Importance":"Normal"},"authentication":{"value":"@json(decodeBase64(triggerOutputs().headers['X-MS-APIM-Tokens']))['$ConnectionKey']","type":"Raw"}}},"Update_item":{"runAfter":{"Item_approved":["Succeeded"]},"metadata":{"operationMetadataId":"b9e80c86-ac76-424a-a0c6-e96b1b4c3b5a"},"type":"OpenApiConnection","inputs":{"host":{"apiId":"/providers/Microsoft.PowerApps/apis/shared_sharepointonline","connectionName":"shared_sharepointonline","operationId":"PatchItem"},"parameters":{"dataset":"https://uwnetid.sharepoint.com/sites/og_urology-Credentialing","table":"1a0a7ada-b69e-4c9e-8785-683ff7d14251","id":"@outputs('Get_item')?['body/ID']","item/Title":"@outputs('Get_item')?['body/Title']","item/ApprovalComments":"<p>@{replace(body('Create_HTML_table'), '<table>', '<table border=\"1\">')}</p>","item/Status/Value":"Approved"},"authentication":{"value":"@json(decodeBase64(triggerOutputs().headers['X-MS-APIM-Tokens']))['$ConnectionKey']","type":"Raw"}}}}},"expression":{"contains":["@outputs('Wait_for_an_approval')?['body/outcome']","Reject"]},"metadata":{"operationMetadataId":"88ffa448-7701-4ec3-934d-2e90ec8ddfd6"},"type":"If"},"Check_if_we_need_to_send_approval_reminders":{"actions":{"Delay":{"runAfter":{},"metadata":{"operationMetadataId":"54c8ee64-4943-41df-b74d-9bfb82b2eab0"},"type":"Wait","inputs":{"interval":{"count":"@triggerBody()['number']","unit":"@{triggerBody()?['text_2']}"}}},"Check_if_approvalDone_is_true":{"actions":{},"runAfter":{"Delay":["Succeeded"]},"else":{"actions":{"Do_until":{"actions":{"Send_an_email_(V2)":{"runAfter":{},"metadata":{"flowSystemMetadata":{"swaggerOperationId":"SendEmailV2"},"operationMetadataId":"1ed553d0-0f24-4c74-b1d8-c6a90dde0955"},"type":"OpenApiConnection","inputs":{"host":{"apiId":"/providers/Microsoft.PowerApps/apis/shared_office365","connectionName":"shared_office365","operationId":"SendEmailV2"},"parameters":{"emailMessage/To":"@triggerBody()?['email']","emailMessage/Subject":"Approval reminder for '@{outputs('Get_item')?['body/Title']}'","emailMessage/Body":"<p>&lt;p&gt;An approval assigned to you for '@{outputs('Get_item')?['body/Title']}' is still pending.&lt;br&gt;<br>\n&lt;br&gt;<br>\nPlease review the approval &lt;a href='@{variables('approvalRespondLink')}'&gt;here&lt;/a&gt; to approve or reject the request.&lt;/p&gt;</p>","emailMessage/Importance":"Normal"},"authentication":{"value":"@json(decodeBase64(triggerOutputs().headers['X-MS-APIM-Tokens']))['$ConnectionKey']","type":"Raw"}}}},"runAfter":{},"expression":"@equals(variables('approvalDone'), true)","limit":{"count":60,"timeout":"PT1H"},"metadata":{"operationMetadataId":"c94fcfeb-2b9c-4745-9eb5-6890bc89e756"},"type":"Until"},"Wait_a_minute_before_sending_another_email":{"runAfter":{"Do_until":["Succeeded"]},"metadata":{"operationMetadataId":"5bd72b4f-ee0c-4e72-b702-9fb78accb05a"},"type":"Wait","inputs":{"interval":{"count":"@triggerBody()['number']","unit":"@{triggerBody()?['text_2']}"}}}}},"expression":{"equals":["@variables('approvalDone')","@true"]},"metadata":{"operationMetadataId":"a219f449-090f-4c6d-8fe4-8d8fac7dcc1c"},"type":"If"}},"runAfter":{"Create_an_approval":["Succeeded"]},"expression":{"equals":["@triggerBody()['boolean']","@true"]},"metadata":{"operationMetadataId":"8351ec4d-6f65-47ec-baaa-a1662cab65ce"},"type":"If"}},"outputs":{},"description":"Request approval (everyone must approve) for a selected item in a SharePoint list, along with approval reminder options."},"connectionReferences":{"shared_sharepointonline":{"connectionName":"ec03ecf63462465bace33999c6877845","source":"Invoker","id":"/providers/Microsoft.PowerApps/apis/shared_sharepointonline","tier":"NotSpecified","apiName":"sharepointonline"},"shared_approvals":{"connectionName":"shared-approvals-6e731440-d0df-4940-9c27-4ca690bc310a","source":"Invoker","id":"/providers/Microsoft.PowerApps/apis/shared_approvals","tier":"NotSpecified","apiName":"approvals"},"shared_office365":{"connectionName":"83924f1696924d5f90d1f5c59857d61d","source":"Invoker","id":"/providers/Microsoft.PowerApps/apis/shared_office365","tier":"NotSpecified","apiName":"office365"}},"flowFailureAlertSubscribed":false,"isManaged":false}}